[{"model": "tunes.tunetype", "pk": 1, "fields": {"tune_type_char": "jig"}}, {"model": "tunes.tunetype", "pk": 2, "fields": {"tune_type_char": "reel"}}, {"model": "tunes.tunetype", "pk": 3, "fields": {"tune_type_char": "polka"}}, {"model": "tunes.tunetype", "pk": 4, "fields": {"tune_type_char": "waltz"}}, {"model": "tunes.tunetype", "pk": 5, "fields": {"tune_type_char": "hornpipe"}}, {"model": "tunes.tunetype", "pk": 6, "fields": {"tune_type_char": "air"}}, {"model": "tunes.key", "pk": 1, "fields": {"key_type_char": "G major"}}, {"model": "tunes.key", "pk": 2, "fields": {"key_type_char": "A Dorian"}}, {"model": "tunes.key", "pk": 3, "fields": {"key_type_char": "E Minor"}}, {"model": "tunes.key", "pk": 4, "fields": {"key_type_char": "D Major"}}, {"model": "tunes.key", "pk": 5, "fields": {"key_type_char": "A Major"}}, {"model": "tunes.key", "pk": 6, "fields": {"key_type_char": "D Mixolydian"}}, {"model": "tunes.key", "pk": 7, "fields": {"key_type_char": "E Dorian"}}, {"model": "tunes.meter", "pk": 1, "fields": {"meter_type_char": "6/8"}}, {"model": "tunes.meter", "pk": 2, "fields": {"meter_type_char": "4/4"}}, {"model": "tunes.meter", "pk": 3, "fields": {"meter_type_char": "2/4"}}, {"model": "tunes.composer", "pk": 1, "fields": {"name": "Johnny Harling (Chicago)"}}, {"model": "tunes.composer", "pk": 2, "fields": {"name": "James McMahon"}}, {"model": "tunes.composer", "pk": 3, "fields": {"name": "Gordon Duncan"}}, {"model": "tunes.unitnotelength", "pk": 1, "fields": {"unit_note_length": "1/8"}}, {"model": "tunes.bpm", "pk": 1, "fields": {"bpm": "3/8=100"}}, {"model": "tunes.bpm", "pk": 2, "fields": {"bpm": "1/4=120"}}, {"model": "tunes.bpm", "pk": 3, "fields": {"bpm": "1/4=110"}}, {"model": "tunes.tune", "pk": 1, "fields": {"name": "Kesh", "tune_type": 1, "parts": 2, "composer": null, "tune_info": null}}, {"model": "tunes.tune", "pk": 2, "fields": {"name": "The Dusty Windowsill", "tune_type": 1, "parts": 3, "composer": 1, "tune_info": null}}, {"model": "tunes.tune", "pk": 3, "fields": {"name": "The Trip to Sligo", "tune_type": 1, "parts": 2, "composer": null, "tune_info": null}}, {"model": "tunes.tune", "pk": 4, "fields": {"name": "Jimmy Ward's", "tune_type": 1, "parts": 2, "composer": null, "tune_info": null}}, {"model": "tunes.tune", "pk": 5, "fields": {"name": "Lilting Banshee", "tune_type": 1, "parts": 2, "composer": null, "tune_info": null}}, {"model": "tunes.tune", "pk": 6, "fields": {"name": "Merry Blacksmith", "tune_type": 2, "parts": 2, "composer": null, "tune_info": null}}, {"model": "tunes.tune", "pk": 7, "fields": {"name": "Kerry Polka", "tune_type": 3, "parts": 2, "composer": null, "tune_info": null}}, {"model": "tunes.tune", "pk": 8, "fields": {"name": "Humors of Tulla", "tune_type": 2, "parts": 2, "composer": null, "tune_info": null}}, {"model": "tunes.tune", "pk": 9, "fields": {"name": "Connaughtman's Rambles", "tune_type": 1, "parts": 2, "composer": null, "tune_info": null}}, {"model": "tunes.tune", "pk": 10, "fields": {"name": "Pipe on the Hob", "tune_type": 1, "parts": 2, "composer": null, "tune_info": null}}, {"model": "tunes.tune", "pk": 11, "fields": {"name": "Bank of Turf", "tune_type": 1, "parts": 2, "composer": null, "tune_info": null}}, {"model": "tunes.tune", "pk": 12, "fields": {"name": "Swallowtail", "tune_type": 1, "parts": 2, "composer": null, "tune_info": null}}, {"model": "tunes.tune", "pk": 13, "fields": {"name": "Banshee", "tune_type": 2, "parts": 2, "composer": 2, "tune_info": null}}, {"model": "tunes.tune", "pk": 14, "fields": {"name": "South Wind", "tune_type": 4, "parts": 2, "composer": null, "tune_info": null}}, {"model": "tunes.tune", "pk": 15, "fields": {"name": "Harvest Home", "tune_type": 5, "parts": 2, "composer": null, "tune_info": null}}, {"model": "tunes.tune", "pk": 16, "fields": {"name": "Hag in the Churn", "tune_type": 1, "parts": 2, "composer": null, "tune_info": null}}, {"model": "tunes.tune", "pk": 17, "fields": {"name": "Blarney Pligrim", "tune_type": 1, "parts": 3, "composer": null, "tune_info": null}}, {"model": "tunes.tune", "pk": 18, "fields": {"name": "Maid Behind the Bar", "tune_type": 2, "parts": 2, "composer": null, "tune_info": null}}, {"model": "tunes.tune", "pk": 19, "fields": {"name": "Britches Full of Stitches", "tune_type": 3, "parts": 2, "composer": null, "tune_info": null}}, {"model": "tunes.tune", "pk": 20, "fields": {"name": "Poll Ha'Penny", "tune_type": 5, "parts": 2, "composer": null, "tune_info": null}}, {"model": "tunes.tune", "pk": 21, "fields": {"name": "Song of the Books", "tune_type": 6, "parts": 2, "composer": null, "tune_info": null}}, {"model": "tunes.tune", "pk": 22, "fields": {"name": "Sleeping Tune", "tune_type": 2, "parts": 2, "composer": 3, "tune_info": null}}, {"model": "tunes.abctune", "pk": 1, "fields": {"tune": 1, "key": 1, "meter": 1, "unit_note_length": 1, "bpm": 1}}, {"model": "tunes.abctune", "pk": 2, "fields": {"tune": 2, "key": 2, "meter": 1, "unit_note_length": 1, "bpm": 1}}, {"model": "tunes.abctune", "pk": 3, "fields": {"tune": 3, "key": 3, "meter": 1, "unit_note_length": 1, "bpm": 1}}, {"model": "tunes.abctune", "pk": 4, "fields": {"tune": 4, "key": 1, "meter": 1, "unit_note_length": 1, "bpm": 1}}, {"model": "tunes.abctune", "pk": 5, "fields": {"tune": 5, "key": 2, "meter": 1, "unit_note_length": 1, "bpm": 1}}, {"model": "tunes.abctune", "pk": 6, "fields": {"tune": 6, "key": 4, "meter": 2, "unit_note_length": 1, "bpm": 2}}, {"model": "tunes.abctune", "pk": 7, "fields": {"tune": 7, "key": 1, "meter": 3, "unit_note_length": 1, "bpm": 2}}, {"model": "tunes.abctune", "pk": 8, "fields": {"tune": 8, "key": 4, "meter": 2, "unit_note_length": 1, "bpm": 2}}, {"model": "tunes.abctune", "pk": 9, "fields": {"tune": 9, "key": 4, "meter": 1, "unit_note_length": 1, "bpm": 1}}, {"model": "tunes.abctune", "pk": 10, "fields": {"tune": 10, "key": 6, "meter": 1, "unit_note_length": 1, "bpm": 1}}, {"model": "tunes.abctune", "pk": 11, "fields": {"tune": 12, "key": 7, "meter": 1, "unit_note_length": 1, "bpm": 1}}, {"model": "tunes.abctune", "pk": 12, "fields": {"tune": 11, "key": 4, "meter": 1, "unit_note_length": 1, "bpm": 1}}, {"model": "tunes.abctune", "pk": 13, "fields": {"tune": 13, "key": 1, "meter": 2, "unit_note_length": 1, "bpm": 2}}, {"model": "tunes.abctune", "pk": 14, "fields": {"tune": 15, "key": 4, "meter": 2, "unit_note_length": 1, "bpm": 3}}, {"model": "tunes.abctune", "pk": 15, "fields": {"tune": 16, "key": 2, "meter": 1, "unit_note_length": 1, "bpm": 1}}, {"model": "tunes.abctune", "pk": 16, "fields": {"tune": 17, "key": 1, "meter": 1, "unit_note_length": 1, "bpm": 1}}, {"model": "tunes.abctune", "pk": 17, "fields": {"tune": 18, "key": 4, "meter": 2, "unit_note_length": 1, "bpm": 2}}, {"model": "tunes.abctune", "pk": 18, "fields": {"tune": 19, "key": 1, "meter": 3, "unit_note_length": 1, "bpm": 3}}, {"model": "tunes.abctunepiece", "pk": 1, "fields": {"abc_tune": 1, "part_order": 1, "part_title": "Part 1", "default": true, "abc_piece": "~G3 GAB|~A3 ABd|edd gdd|edB dBA|\r\n~G3 GAB|~A3 ABd|edd gdB|1 AGF G2D:|2 AGF G2A||"}}, {"model": "tunes.abctunepiece", "pk": 2, "fields": {"abc_tune": 1, "part_order": 3, "part_title": "Part 2", "default": true, "abc_piece": "|:~B3 dBd|ege dBG|~B3 dBG|ABA AGA|\r\nBAB dBd|ege dBd|~g3 aga|bgf g3:|"}}, {"model": "tunes.abctunepiece", "pk": 3, "fields": {"abc_tune": 2, "part_order": 1, "part_title": "Part #", "default": true, "abc_piece": "A2B cBA|eAB cBA|G2G EGG|DGG EFG|\r\nA2B cBA|e2d efg|age dBG|1 ABG A2G:|2 ABG A2g||"}}, {"model": "tunes.abctunepiece", "pk": 4, "fields": {"abc_tune": 2, "part_order": 2, "part_title": "Part 2", "default": true, "abc_piece": "|:~a3 age|dBd ~g3|~g3 gfe|dBA ~G3|\r\n|EGG DGG|EGG ABc|Bed BAG|1 BAG A2g:|2 BAG A2G||"}}, {"model": "tunes.abctunepiece", "pk": 5, "fields": {"abc_tune": 2, "part_order": 3, "part_title": "Part 3", "default": true, "abc_piece": "|:~A3 gAf|~A3 edB|~G3 eGd|~G3 edB|\r\n|~A3 gAf|~A3 e2z|age dBG|ABA A2G:|"}}, {"model": "tunes.abctunepiece", "pk": 6, "fields": {"abc_tune": 3, "part_order": 1, "part_title": "Part 1", "default": true, "abc_piece": "E2e BGE|D2d AFD|E2e BAF|GFE e2f|\r\ngfe dcB|ABG FED|EFG ABc|1 BGF E2D:|2 BGF E2e||"}}, {"model": "tunes.abctunepiece", "pk": 7, "fields": {"abc_tune": 3, "part_order": 2, "part_title": "Part 2", "default": true, "abc_piece": "|:eBe gfe|dAd fed|eBe gfe|(3fga f gfe|\r\n(3fga f gfe|dAG FED|EFG ABc|1 BGF E2e:|2 BGF E2D||"}}, {"model": "tunes.abctunepiece", "pk": 8, "fields": {"abc_tune": 4, "part_order": 1, "part_title": "Part 1", "default": true, "abc_piece": "~G3 GAB|AGE GED|~G3 AGE|GED DEF|\r\n~G3 GAB|AGE GAB|cBA BGE|1 DED DEF:|2 DED D3||"}}, {"model": "tunes.abctunepiece", "pk": 9, "fields": {"abc_tune": 4, "part_order": 2, "part_title": "Part 2", "default": true, "abc_piece": "|:cBA BAG|~A3 AGE|cBA BGE|DED GAB|\r\ncBA BAG|~A3 ABc|dcA AGE|1 GED DEF:|2 DED D3||"}}, {"model": "tunes.abctunepiece", "pk": 10, "fields": {"abc_tune": 5, "part_order": 1, "part_title": "Part 1", "default": true, "abc_piece": "EAA EAA | BAB G3| Bde edB | dBA GED |\r\nEAA EAA | BAB G3 | Bde edB |1 dBA A3 :|2 dBA A (3Bcd ||"}}, {"model": "tunes.abctunepiece", "pk": 11, "fields": {"abc_tune": 5, "part_order": 2, "part_title": "Part 2", "default": true, "abc_piece": "|: e2a age | dBA G2A | Bde edB | def gfg |\r\ne2a age | dBA G2A | Bde edB |1 dBA A (3Bcd:|2 dBA A3 ||"}}, {"model": "tunes.abctunepiece", "pk": 12, "fields": {"abc_tune": 6, "part_order": 1, "part_title": "Part 1", "default": true, "abc_piece": "d2dA BAFA|ABdA BAFA|ABde f2ed|Beed e2fe|\r\nd2dA BAFA|ABdA BAFA|ABde f2ed|BA~E2 D4:|"}}, {"model": "tunes.abctunepiece", "pk": 13, "fields": {"abc_tune": 6, "part_order": 2, "part_title": "Part 2", "default": true, "abc_piece": "|:a2ag f2fe|d2dA BAFA|ABde f2ed|Beed efge|\r\na2ag f2fe|d2dA BAFA|ABde f2ed|BA~E2 D4:|"}}, {"model": "tunes.abctunepiece", "pk": 14, "fields": {"abc_tune": 7, "part_order": 1, "part_title": "Part #", "default": true, "abc_piece": "fA BA|fA BA|d2 e>f|ed BA|\r\n|fA BA|fA BA|d2 e>f|ed d2:||"}}, {"model": "tunes.abctunepiece", "pk": 15, "fields": {"abc_tune": 7, "part_order": 2, "part_title": "Part 2", "default": true, "abc_piece": "|fa fe|ed BA|d2 e>f|ed BA|\r\n|fa fe|ed BA|d2 e>f|ed d2:||"}}, {"model": "tunes.abctunepiece", "pk": 16, "fields": {"abc_tune": 8, "part_order": 1, "part_title": "Part 1", "default": true, "abc_piece": "|d2 Ad Bd AB|d2 fd ed Bc|d2 Ad Bd Ad|1 Bd ef g2 fe :|2 Bd ef g2  fg||"}}, {"model": "tunes.abctunepiece", "pk": 17, "fields": {"abc_tune": 8, "part_order": 2, "part_title": "Part 2", "default": true, "abc_piece": "|:a~f3 d~f3|a~f3 g~e3|a~f3 dfed|1 (3Bcd  ef g2  fg:|2 (3Bcd  ef g2 fe||"}}, {"model": "tunes.abctunepiece", "pk": 18, "fields": {"abc_tune": 9, "part_order": 1, "part_title": "Part 1", "default": true, "abc_piece": "FAA dAA|BAB dAG|FAA dfe|d2B BAG|\r\nFAA dAA|BAB def|gfe dfe|1 d2B BAG:|2 d2B B2g||"}}, {"model": "tunes.abctunepiece", "pk": 19, "fields": {"abc_tune": 9, "part_order": 2, "part_title": "Part 2", "default": true, "abc_piece": "|:fbb faa|fef ded|fbb faa|fed e3|\r\nfbb faa|fef def|gfe dfe|1 d2B B2g:|2 dBB BAG||"}}, {"model": "tunes.abctunepiece", "pk": 20, "fields": {"abc_tune": 10, "part_order": 1, "part_title": "Part 1", "default": true, "abc_piece": "A|:d^cd A2G|F2D DED|EDE cBc|E2D DFA|\r\ndcB cBA|BAG A2G|EDE cBc|~E2D D3:|"}}, {"model": "tunes.abctunepiece", "pk": 21, "fields": {"abc_tune": 10, "part_order": 2, "part_title": "Part 2", "default": true, "abc_piece": "|:f2d d^cd|f2d d^cd|edB c2d|ede age|\r\n|1 f2d d^cd|f2d d^cd|ede age|ed^c d2e:|\r\n|2 ~f3 ~g3|agf g2e|fed eag|ed^c d3||"}}, {"model": "tunes.abctunepiece", "pk": 22, "fields": {"abc_tune": 11, "part_order": 1, "part_title": "Part 1", "default": true, "abc_piece": "GEE BEE|~G3 BAG|FDD A3|dcd AGF|\r\nGEE BEE|GEG B3|dcd AGF|1 !wedge!GED E2F:|2 !wedge!GED E3||"}}, {"model": "tunes.abctunepiece", "pk": 23, "fields": {"abc_tune": 11, "part_order": 2, "part_title": "Part 2", "default": true, "abc_piece": "|:Bcd e2f|e2f edB|Bcd e2f|edB d3|\r\nBcd e2f|e2f edB|dcd AGF|1 !wedge!GED E3:|2 !wedge!GED E3||"}}, {"model": "tunes.abctunepiece", "pk": 24, "fields": {"abc_tune": 12, "part_order": 1, "part_title": "Part 1", "default": true, "abc_piece": "ABA DFA|BAF DFA|dcd ede|f2d def|\r\n~g3 gab|afd Bcd|1 efe e2d|cBA Bcd:|2 efe efe|d4 (3Bcd||"}}, {"model": "tunes.abctunepiece", "pk": 25, "fields": {"abc_tune": 12, "part_order": 2, "part_title": "Part 2", "default": true, "abc_piece": "|:~e3 efg|~f3 fga|gfe fed|ecA A2(3Bcd|\r\n~e3 efg|~f3 fga|gfe dcB|1 A4 (3Bcd:|2 A6||"}}, {"model": "tunes.abctunepiece", "pk": 26, "fields": {"abc_tune": 13, "part_order": 1, "part_title": "Part 1", "default": true, "abc_piece": "~G3D EDBD|~G3B d2 B/2c/2d|eged BAG2|BAGE EDD2|\r\n~G3D EDBD|~G3B d2 B/2c/2d|eged BAGA|1 BAGE EDBA:|2 BAGE ED B/2c/2d||"}}, {"model": "tunes.abctunepiece", "pk": 27, "fields": {"abc_tune": 13, "part_order": 2, "part_title": "Part 2", "default": true, "abc_piece": "eaag efge|dBBA ABd2|e~B3 ~g3f|eBBA BG B/2c/2d|\r\neaag efge|dBBA ABd2|~e3d BAG2|BAGE EDD2|"}}, {"model": "tunes.abctunepiece", "pk": 28, "fields": {"abc_tune": 14, "part_order": 1, "part_title": "Part 1", "default": true, "abc_piece": "AF|:DAFA DAFA|defe dcBA|eAfA gAfA|(3efe (3dcB (3ABA (3GFE|\r\n|DAFA DAFA|defe dcBA|eAfA gece|1 d2 dc d2 AF:|2 d2 dc d2 cd ||"}}, {"model": "tunes.abctunepiece", "pk": 29, "fields": {"abc_tune": 14, "part_order": 2, "part_title": "Part 2", "default": true, "abc_piece": "|:eA ~A2 fA ~A2|gAfA eA ~A2|eAfA gAfA|(3efe (3dcB (3ABA (3GFE|\r\n|DAFA DAFA|defe dcBA|eAfA gece|1 d2 dc d2 cd:|2 d2 dc d4||"}}, {"model": "tunes.abctunepiece", "pk": 30, "fields": {"abc_tune": 15, "part_order": 1, "part_title": "Part 1", "default": true, "abc_piece": "|A2G ADD|A2G Adc|A2G ADD|DEG DEG:|"}}, {"model": "tunes.abctunepiece", "pk": 31, "fields": {"abc_tune": 15, "part_order": 2, "part_title": "Part 2", "default": true, "abc_piece": "||AdB c3|Add efg|AdB c3|EDE GED|\r\nAdB c3|Add efg|fge dBA|GEF GED|"}}, {"model": "tunes.abctunepiece", "pk": 32, "fields": {"abc_tune": 16, "part_order": 1, "part_title": "Part #", "default": true, "abc_piece": "~D3 DEG|~A3 ABc|BAG AGE|GEA GED|\r\n~D3 DEG|~A3 ABc|BAG AGE|GED D3:|"}}, {"model": "tunes.abctunepiece", "pk": 33, "fields": {"abc_tune": 16, "part_order": 2, "part_title": "Part 2", "default": true, "abc_piece": "|:ded dBG|AGA BGE|ded dBG|AGA Bd2|\r\ngge dBG|AGA  BGE|B2A AGE|GAG G3:|"}}, {"model": "tunes.abctunepiece", "pk": 34, "fields": {"abc_tune": 16, "part_order": 3, "part_title": "Part 3", "default": true, "abc_piece": "|:A2D B2D|~A3 ABc|BAG AGE|GEA GED|\r\nA2D B2D|~A3 ABc|BAG AGE|GED D3:|"}}, {"model": "tunes.abctunepiece", "pk": 35, "fields": {"abc_tune": 17, "part_order": 1, "part_title": "Part 1", "default": true, "abc_piece": "|FAAB AFED|FAAB ABde|fBBA Bcde|f2gf edBG|\r\n|~A3B AFED|F/2G/2AAB ABde|fBBA Bcd2|AFEF D4:|"}}, {"model": "tunes.abctunepiece", "pk": 36, "fields": {"abc_tune": 17, "part_order": 2, "part_title": "Part 2", "default": true, "abc_piece": "|faag fdde|edag fdd2|efga beef|gebe gee2|\r\nf~a3 b2af|defd e2de|fBBA Bcd2|AFEF D4:|"}}, {"model": "tunes.abctunepiece", "pk": 37, "fields": {"abc_tune": 18, "part_order": 1, "part_title": "Part 1", "default": true, "abc_piece": "G>A BG|AG BG|G>A BG|AG E2|\r\nG>A BG|AG Bd|G>A GE|ED D2:|"}}, {"model": "tunes.abctunepiece", "pk": 38, "fields": {"abc_tune": 18, "part_order": 2, "part_title": "Part 2", "default": true, "abc_piece": "|:d>e dB|AG AB|d>e dB|AG E2|\r\nd>e dB|AG AB|G>A GE|ED D2:|"}}, {"model": "tunes.youtubeplaythrough", "pk": 1, "fields": {"title": "Playthrough", "tune": 1, "youtube_playthrough_url": "https://www.youtube.com/embed/grmDg9R8RNw", "date_recorded": "2021-10-21"}}, {"model": "tunes.youtubeplaythrough", "pk": 2, "fields": {"title": "Playthrough", "tune": 2, "youtube_playthrough_url": "https://www.youtube.com/embed/h9L7yhUWpWw", "date_recorded": "2021-10-21"}}, {"model": "tunes.youtubeplaythrough", "pk": 3, "fields": {"title": "Playthrough", "tune": 3, "youtube_playthrough_url": "https://www.youtube.com/embed/6xopuBV4wxk", "date_recorded": "2021-10-21"}}, {"model": "tunes.youtubeplaythrough", "pk": 4, "fields": {"title": "Playthrough", "tune": 4, "youtube_playthrough_url": "https://www.youtube.com/embed/lG6VGk27n8Q", "date_recorded": "2021-10-25"}}, {"model": "tunes.youtubeplaythrough", "pk": 5, "fields": {"title": "Playthrough", "tune": 5, "youtube_playthrough_url": "https://www.youtube.com/embed/_TwIQJIMA6E", "date_recorded": "2021-10-25"}}, {"model": "tunes.youtubeplaythrough", "pk": 6, "fields": {"title": "Playthrough", "tune": 6, "youtube_playthrough_url": "https://www.youtube.com/embed/hbVkNlwhm9o", "date_recorded": "2021-10-25"}}, {"model": "tunes.youtubeplaythrough", "pk": 7, "fields": {"title": "Playthrough", "tune": 7, "youtube_playthrough_url": "https://www.youtube.com/embed/9UjFy45_N2k", "date_recorded": "2021-10-25"}}, {"model": "tunes.youtubeplaythrough", "pk": 8, "fields": {"title": "Playthrough", "tune": 8, "youtube_playthrough_url": "https://www.youtube.com/embed/zko1evdM6Uo", "date_recorded": "2021-10-26"}}, {"model": "tunes.youtubeplaythrough", "pk": 9, "fields": {"title": "Playtrough", "tune": 9, "youtube_playthrough_url": "https://www.youtube.com/embed/4h2_rXFC-cc", "date_recorded": "2021-10-27"}}, {"model": "tunes.youtubeplaythrough", "pk": 10, "fields": {"title": "Playthrough", "tune": 10, "youtube_playthrough_url": "https://www.youtube.com/embed/7OKiswgs5G0", "date_recorded": "2021-10-27"}}, {"model": "tunes.youtubeplaythrough", "pk": 11, "fields": {"title": "Playthrough", "tune": 11, "youtube_playthrough_url": "https://www.youtube.com/embed/zlrJfiJjtjQ", "date_recorded": "2021-10-27"}}, {"model": "tunes.youtubeplaythrough", "pk": 12, "fields": {"title": "Playthrough", "tune": 12, "youtube_playthrough_url": "https://www.youtube.com/embed/BDLyD5rmwwU", "date_recorded": "2021-10-27"}}, {"model": "tunes.youtubeplaythrough", "pk": 13, "fields": {"title": "Playthrough", "tune": 13, "youtube_playthrough_url": "https://www.youtube.com/embed/0S7tmlV7VQo", "date_recorded": "2021-11-01"}}, {"model": "tunes.youtubeplaythrough", "pk": 14, "fields": {"title": "Playthrough", "tune": 14, "youtube_playthrough_url": "https://www.youtube.com/embed/1VjhIko2xD8", "date_recorded": "2021-11-01"}}, {"model": "tunes.youtubeplaythrough", "pk": 15, "fields": {"title": "Playthrough", "tune": 15, "youtube_playthrough_url": "https://www.youtube.com/embed/_L-HsHXSZtk", "date_recorded": "2021-11-01"}}, {"model": "tunes.youtubeplaythrough", "pk": 16, "fields": {"title": "Playthrough", "tune": 16, "youtube_playthrough_url": "https://www.youtube.com/embed/OwwdtdcRVdc", "date_recorded": "2021-11-02"}}, {"model": "tunes.youtubeplaythrough", "pk": 17, "fields": {"title": "Playthrough", "tune": 17, "youtube_playthrough_url": "https://www.youtube.com/embed/X9aJHtYjptA", "date_recorded": "2021-11-02"}}, {"model": "tunes.youtubeplaythrough", "pk": 18, "fields": {"title": "Playthrough", "tune": 18, "youtube_playthrough_url": "https://www.youtube.com/embed/16MsyKnCOoo", "date_recorded": "2021-11-02"}}, {"model": "tunes.youtubeplaythrough", "pk": 19, "fields": {"title": "Playthrough", "tune": 19, "youtube_playthrough_url": "https://www.youtube.com/embed/W84w5ZZouxY", "date_recorded": "2021-11-07"}}, {"model": "tunes.youtubeplaythrough", "pk": 20, "fields": {"title": "Playthrough", "tune": 20, "youtube_playthrough_url": "https://www.youtube.com/embed/qZuXeUWDpGk", "date_recorded": "2021-11-07"}}, {"model": "tunes.youtubeplaythrough", "pk": 21, "fields": {"title": "Play Through", "tune": 21, "youtube_playthrough_url": "https://www.youtube.com/embed/Uya8aHarz-w", "date_recorded": "2021-11-07"}}, {"model": "tunes.youtubeplaythrough", "pk": 22, "fields": {"title": "Playthrough", "tune": 22, "youtube_playthrough_url": "https://www.youtube.com/embed/yZYEaqwuzSA", "date_recorded": "2021-11-07"}}]